,count,mean,std,min,25%,50%,75%,max,Skewness
Estimated_fire_area,159955.0,0.4520509280334617,0.2582093823038789,0.0,0.2420665536957855,0.4526664596876398,0.6540652398411368,1.0,0.05224986978314829
Mean_estimated_fire_brightness,159955.0,0.5821802830137935,0.16782869086151134,0.0,0.47379583513320256,0.587981214851915,0.6953649090990695,1.0,-0.12002351487802185
Mean_confidence,159955.0,0.5156544590941916,0.1935007243599309,0.0,0.4012738853247595,0.5251238500302464,0.6464968152454458,0.9999999999999996,-0.24202897517078148
Std_confidence,159955.0,0.8199221338156485,0.13386323267630845,0.0,0.8185179768450196,0.8544552869101,0.8810618845884082,1.0,-3.2123174077495373
Var_confidence,159955.0,0.7963449786960383,0.15166372282170906,0.0,0.793883968951597,0.8353570307113903,0.8658367522032199,0.9999999999999999,-2.918777051353549
WindSpeed,122577.0,0.49368957661122687,0.19671182076619065,0.0,0.3553704641983825,0.470786015992135,0.6133208212766743,1.0,0.48873944648478074
